State,"Baked goods, cereals, and pasta",Beef and beef products,Beer,Chocolate and cocoa products,Coarse grains (including corn),Cocoa beans,Cocoa paste and cocoa butter,"Coffee, unroasted",Condiments and sauces,Dairy products,"Dextrins, peptones, and proteins",Distilled spirits,Dog and cat food,Essential oils,Ethanol (non-bev.),Food preparations,Fresh fruit - avocados,Fresh fruit - bananas,Fresh fruit - berries,Fresh fruit - other,Fresh vegetables,Fruit and vegetable juices,Industrial alcohols and fatty acids,Live animals,Mfg. tobacco,Non-alcoholic bev. (ex. juices),Nursery products and cut flowers,Oilseed meal and cake,Oilseeds,Other feeds and grain products,Other livestock products,Other meat products,Planting seeds,Pork and pork products,Poultry products and eggs,Processed fruit and vegetables,Pulses,Raw beet and cane sugar,Rice,Roasted and instant coffee,Spices,"Sugars, sweeteners, bev. bases",Tea,"Tobacco, unmanufactured",Tree nuts,Vegetable oils,Wheat,Wine and related products,Yeast and baking powder
AK,0.0,0.0,98756.0,1004456.0,0.0,0.0,0.0,0.0,104276.0,16482184.0,51120.0,0.0,16639712.0,914608.0,0.0,16482184.0,0.0,0.0,0.0,78792.0,0.0,16482184.0,2446320.0,268656572.0,0.0,18049028.0,7547132.0,0.0,0.0,18474448.0,144676.0,265760808.0,4795396.0,125860.0,0.0,16662736.0,22328.0,0.0,118340.0,0.0,66240.0,18052276.0,16482184.0,0.0,0.0,844536.0,427116.0,85608.0,135924.0
AL,114688928.0,24133620.0,832252.0,9656308.0,1770684.0,0.0,0.0,557044.0,9831848.0,28890240.0,411480.0,1391048.0,23331816.0,2224956.0,0.0,17197180.0,0.0,12302356.0,134464.0,488172.0,25238280.0,29664628.0,10884828.0,2080649708.0,0.0,28320156.0,14860316.0,0.0,19280.0,15440740.0,45616552.0,1930647312.0,9990992.0,823788.0,152064.0,150985740.0,320320.0,15866868.0,27332.0,1262664.0,35667772.0,40529260.0,32277744.0,12018224.0,37574776.0,474622156.0,136412.0,122786012.0,8741064.0
AR,62457580.0,14678900.0,706752.0,14771844.0,1345732.0,0.0,0.0,5356832.0,16425024.0,51079884.0,11151772.0,425224372.0,28796980.0,1374672.0,7841532.0,33682868.0,79606768.0,3669128.0,1079044.0,3165404.0,23670476.0,55008536.0,0.0,1568823388.0,0.0,50406360.0,11793308.0,0.0,1857280.0,40674204.0,63334368.0,1400325332.0,13214940.0,27523776.0,2742204.0,197206388.0,4192076.0,0.0,39324108.0,6151044.0,9388.0,69595612.0,34156148.0,0.0,15508908.0,54885380.0,0.0,36964732.0,17148580.0
AZ,316786724.0,435383524.0,58403676.0,103437640.0,8758912.0,442908.0,194748.0,2747108.0,28197384.0,155213544.0,11237140.0,261658412.0,74010680.0,47300320.0,27701852.0,79385400.0,79830668.0,47478280.0,142294116.0,2971053912.0,7752993872.0,88658232.0,443304.0,11741589260.0,1915288.0,97489796.0,67935956.0,20696560.0,14609192.0,53287336.0,37449820.0,10692775072.0,120734896.0,152293112.0,10530348.0,971530240.0,44818360.0,3774408.0,768840.0,11745364.0,230405064.0,283847404.0,284195136.0,9232.0,51254840.0,79853916.0,332232.0,135196640.0,28192152.0
CA,7457084892.0,10180501380.0,963471500.0,937324508.0,149432676.0,104162988.0,297361904.0,2636300076.0,1803286072.0,5382469376.0,895524236.0,5790154812.0,1559718072.0,265208068.0,889773224.0,2706867384.0,5672223944.0,1404591856.0,9340808984.0,7459291204.0,10375226788.0,4166010648.0,513501100.0,43379180928.0,203297564.0,6817677920.0,1710036660.0,2226138676.0,447638088.0,1853324164.0,1301589364.0,42941043900.0,2290389616.0,1258046280.0,602645596.0,14751960080.0,393212440.0,1447158800.0,1370635068.0,1102523184.0,2197663372.0,3228637452.0,3570762852.0,3590432.0,4048987928.0,5900118380.0,6059312.0,6131153968.0,1635443840.0
CO,244992548.0,253226112.0,9960788.0,92001568.0,59641696.0,158708.0,10700.0,29111128.0,10595832.0,77002024.0,7432920.0,290588600.0,31973760.0,3731192.0,277592.0,40118824.0,0.0,0.0,2333236.0,8407072.0,59497196.0,59233060.0,957088.0,1468533424.0,41908.0,57524488.0,44437248.0,34288632.0,19672560.0,102615552.0,70066892.0,1247248836.0,70906904.0,11387408.0,904820.0,171714860.0,15784984.0,653276.0,5948568.0,4428444.0,169180048.0,62668576.0,79373664.0,104184.0,29869800.0,84779872.0,27366212.0,263602420.0,8131236.0
CT,269631580.0,88329108.0,18088452.0,35884144.0,10097588.0,98552.0,211072.0,171648868.0,51342420.0,79724368.0,18084504.0,398495756.0,10650052.0,21808988.0,78836460.0,59104908.0,340000.0,1605808.0,1299512.0,3918572.0,218381296.0,98464460.0,12011240.0,5140968140.0,1309644.0,73051352.0,105327676.0,256744.0,6703296.0,48934316.0,118579596.0,5085345324.0,45000936.0,38478192.0,20686176.0,433208720.0,6577884.0,97658396.0,35625740.0,73788172.0,4152348.0,491576276.0,82386920.0,3627880.0,149249192.0,157322528.0,0.0,709401176.0,33459408.0
DC,4186200.0,35646744.0,678980.0,3619548.0,1768708.0,0.0,0.0,681056.0,454316.0,1817272.0,10471080.0,46233524.0,35944.0,2354380.0,0.0,1332940.0,0.0,0.0,0.0,493080.0,1691016.0,3532796.0,0.0,114177460.0,0.0,1366832.0,3947916.0,455056.0,241052.0,461864.0,408644.0,111361460.0,1985604.0,1906120.0,0.0,6895796.0,674184.0,94756.0,2484876.0,32000.0,3042492.0,1170448.0,1284220.0,0.0,672880.0,816404.0,0.0,72382408.0,383324.0
DE,52917084.0,23375304.0,2662916.0,19231564.0,1493748.0,70275332.0,56783192.0,739824.0,31623156.0,85144544.0,48170548.0,88403932.0,43932336.0,4875072.0,478408.0,30769044.0,409600.0,1336279332.0,20174092.0,813851288.0,67301888.0,545259400.0,56297240.0,792922004.0,0.0,67109808.0,11234452.0,184922060.0,64304.0,142075508.0,29174712.0,778490560.0,20033768.0,303925396.0,7768404.0,2014060708.0,16549400.0,146736.0,118252.0,935604.0,7962924.0,31082268.0,30666996.0,1134300.0,110230684.0,45623416.0,0.0,47994292.0,31436484.0
FL,1719124944.0,1207139968.0,720333020.0,177575856.0,43233248.0,904596.0,10772364.0,718551420.0,223523264.0,1437533896.0,76275360.0,6345941652.0,205164228.0,704558272.0,43838164.0,642184008.0,1144309840.0,4392074036.0,2258699948.0,3093703940.0,4213633692.0,3093592360.0,31230540.0,15425336848.0,5281919284.0,2032216536.0,6067591764.0,93590132.0,33168876.0,408614204.0,237417044.0,14550807852.0,590537108.0,324399036.0,141454076.0,8372646368.0,71926088.0,218816704.0,204144764.0,1129810832.0,587158176.0,1107177124.0,853941448.0,62137868.0,759607820.0,381176048.0,1411752.0,2098749800.0,199668084.0
GA,1706583568.0,365007012.0,429261280.0,497447064.0,6778732.0,155020.0,1935516.0,878783140.0,116721588.0,14704717980.0,52414108.0,582125848.0,490336960.0,1750384208.0,1321384.0,14214445096.0,81096180.0,69127032.0,23302248.0,319765988.0,510256372.0,14418912756.0,63118016.0,8877165428.0,82535700.0,16807146312.0,67341496.0,55319520.0,91988296.0,544993164.0,191709168.0,7931788124.0,106746952.0,77973764.0,161113688.0,16012385488.0,35788556.0,1292397144.0,180440488.0,171313944.0,76393700.0,14273803828.0,14377365744.0,4646444.0,423510348.0,3381380292.0,9188.0,495520444.0,98516216.0
HI,96774340.0,50695316.0,39134268.0,2599044.0,0.0,8084.0,65996.0,0.0,26540836.0,68187612.0,2492388.0,34130532.0,979088.0,351884.0,688652.0,39308440.0,0.0,30872.0,2605592.0,7251804.0,5300296.0,53421252.0,118400.0,113406764.0,180816.0,54118348.0,6196968.0,0.0,74464.0,32997000.0,380712.0,113712228.0,2473732.0,7399392.0,7694184.0,122612492.0,1258996.0,0.0,19058308.0,2277560.0,10609640.0,41436480.0,44518764.0,0.0,10847936.0,11429952.0,0.0,23876620.0,25484564.0
IA,234612488.0,147789620.0,407740.0,16394396.0,455937824.0,0.0,2654860.0,294748.0,19842708.0,104216832.0,212239112.0,1261296.0,170026808.0,75507832.0,0.0,93989268.0,0.0,0.0,252632.0,631788.0,44708536.0,96107468.0,62891052.0,1546027924.0,0.0,99385244.0,9970132.0,90945816.0,31701532.0,470814512.0,476276324.0,790605548.0,223321160.0,200364116.0,3427268.0,247046788.0,27000504.0,0.0,12421708.0,4706012.0,30032088.0,140249276.0,108677576.0,0.0,7363172.0,670146772.0,57639144.0,13089540.0,48186728.0
ID,48881832.0,92087140.0,3151380.0,16166848.0,13620232.0,0.0,0.0,183088.0,3690324.0,30336192.0,505988.0,903360.0,11826172.0,11335944.0,0.0,13064988.0,0.0,0.0,625692.0,47556996.0,92355804.0,15481768.0,2621432.0,1154598952.0,2486212.0,14068460.0,13706680.0,166012580.0,5166824.0,103866024.0,102623636.0,1092414928.0,176926168.0,0.0,0.0,335835108.0,2478896.0,0.0,6435876.0,7251612.0,19553144.0,15044020.0,18580144.0,0.0,1221068.0,161464472.0,950400.0,7432604.0,5794752.0
IL,3862583768.0,2384258524.0,17027701920.0,1391591340.0,42904824.0,501056.0,575701148.0,39390540.0,480971212.0,3837481856.0,862816328.0,3750439900.0,1557228312.0,223523396.0,18607732.0,1011177832.0,132589008.0,9778696.0,206740604.0,120731672.0,872627504.0,1224493116.0,151656528.0,51007519588.0,7431140.0,1222106036.0,285795332.0,38667640.0,247977240.0,937703404.0,654986696.0,49542087032.0,651004148.0,794534944.0,253981556.0,3536113796.0,73520072.0,4822060.0,126745080.0,398268404.0,740551844.0,1552605176.0,1036529948.0,26124.0,523293112.0,1154111540.0,908168.0,1477384832.0,595100936.0
IN,1158553040.0,48188112.0,2836364.0,623314588.0,18472748.0,15600.0,13887584.0,5774816.0,136285220.0,858785296.0,110258684.0,595963140.0,216962688.0,145607476.0,3677248.0,677221456.0,0.0,577588.0,7816636.0,7014388.0,192004800.0,708213524.0,16156848.0,8798108884.0,9514360.0,705521612.0,47943304.0,170432156.0,41457752.0,115395876.0,259883464.0,8544063272.0,136826432.0,115707692.0,20463444.0,932055472.0,20270052.0,336800.0,28461932.0,75434844.0,39042020.0,712227924.0,654682612.0,0.0,119289720.0,632857052.0,94940.0,84650536.0,125091700.0
KS,48275052.0,74753172.0,1503880.0,71528148.0,5190644.0,0.0,0.0,213180.0,34083700.0,19676960.0,138770640.0,48590284.0,115010156.0,4051776.0,0.0,12107044.0,0.0,0.0,456840.0,0.0,23165672.0,21993880.0,4165732.0,4523845472.0,3826972.0,19090656.0,8557876.0,40445016.0,12086252.0,672888108.0,276664164.0,4331724872.0,35986788.0,12718300.0,0.0,121070760.0,26910004.0,0.0,12140980.0,1746068.0,3047452.0,96039876.0,16487384.0,43200.0,40304336.0,174744560.0,602152.0,27345308.0,27126636.0
KY,165023120.0,950020.0,1234336.0,102086096.0,79476072.0,3112852.0,775292.0,165852.0,101964420.0,253266160.0,6529080.0,2707646096.0,44072048.0,33152316.0,27905128.0,261250440.0,0.0,0.0,0.0,264408.0,48327540.0,276657480.0,1174036.0,23141538076.0,124206224.0,253948644.0,17717444.0,1205636.0,4372512.0,95364700.0,28084740.0,22971341328.0,40919948.0,3784704.0,8856232.0,346130424.0,23515588.0,0.0,2478488.0,11975720.0,11347688.0,251792380.0,243537920.0,27236500.0,2185512.0,9661832.0,0.0,71743568.0,205646880.0
LA,89468624.0,8526096.0,431576.0,18297272.0,41776248.0,199708.0,967608.0,3230507844.0,9281604.0,32405420.0,310064.0,360548896.0,451480.0,10094076.0,533612.0,7854036.0,0.0,5344912.0,3034104.0,2436028.0,14712580.0,15659636.0,466927820.0,1175407652.0,18816.0,17222120.0,7806880.0,123322952.0,307163924.0,12694808.0,542621028.0,1165421084.0,14746220.0,1896376.0,0.0,194432648.0,5168252.0,0.0,2081364.0,189120564.0,99116796.0,101712872.0,58822764.0,152220.0,6393776.0,3498288952.0,0.0,302590992.0,8393300.0
MA,460194228.0,267196808.0,49400120.0,137774148.0,4546544.0,1466584.0,20457148.0,13321276.0,28543152.0,284411964.0,74343840.0,574296720.0,314764548.0,37912320.0,4770364.0,152978836.0,17605556.0,9215768.0,48123856.0,13262492.0,541186516.0,296788828.0,20341844.0,6246750364.0,1052528.0,166164340.0,227060344.0,3149744.0,40109680.0,179803936.0,133684844.0,6028478052.0,102477248.0,91187480.0,26844108.0,615447768.0,17114284.0,349276.0,8488084.0,123742716.0,23836280.0,218882492.0,170598796.0,248284.0,143045684.0,1317703176.0,16707396.0,1211182976.0,31495100.0
MD,704641360.0,191301608.0,433678760.0,215225912.0,128871764.0,457148.0,1552628.0,1511050940.0,297105160.0,276655336.0,56318604.0,605421896.0,112690200.0,210979840.0,5936264.0,149398600.0,11171488.0,5428880.0,216570908.0,41516440.0,311068848.0,234248816.0,239987644.0,1267913920.0,4753248.0,177581448.0,87535852.0,139437260.0,323660396.0,219242560.0,10724276.0,1303816028.0,143543656.0,120008736.0,21156304.0,935503340.0,29602668.0,816751436.0,71043880.0,38715236.0,1434100724.0,180200584.0,174723888.0,46312.0,50944396.0,885033940.0,58524.0,285233488.0,257815576.0
ME,120715812.0,11855168.0,1383704.0,2418148.0,8347428.0,0.0,0.0,19624.0,7005476.0,12204156.0,9907380.0,106815816.0,167819484.0,9793924.0,121796.0,5969644.0,0.0,0.0,18038264.0,2282040.0,33997712.0,3618036.0,30100.0,1221541708.0,0.0,9908660.0,102109876.0,9805332.0,7776280.0,201300108.0,43722700.0,1207731548.0,122952808.0,1808440.0,0.0,291257012.0,5523436.0,0.0,28640.0,3122920.0,1618676.0,8917896.0,2799540.0,0.0,127930136.0,46047500.0,876536.0,174232244.0,10385748.0
MI,830099720.0,708315996.0,62195716.0,120296272.0,16035108.0,9676.0,1566980.0,8215652.0,65909728.0,726089812.0,48593804.0,1331426164.0,35265348.0,73735656.0,25243616.0,535855304.0,91840.0,1072700.0,184934232.0,13372212.0,2520371324.0,626464504.0,52450408.0,17845106428.0,1923432.0,655868364.0,217424580.0,410035036.0,47034028.0,328196508.0,82088452.0,17440918156.0,320190228.0,203194284.0,111361352.0,1185090876.0,15787780.0,0.0,20667144.0,89157940.0,87403852.0,700889776.0,566454376.0,47600.0,143490324.0,125150784.0,12887868.0,196252036.0,73524936.0
MN,216760644.0,114469648.0,25253300.0,74094536.0,380494372.0,0.0,200212.0,213784860.0,21035304.0,167623236.0,55752412.0,272329296.0,117060572.0,44411972.0,35844572.0,91707108.0,49401532.0,6848188.0,37378444.0,391961536.0,338457436.0,111087524.0,757912.0,2944091684.0,0.0,104452956.0,46386492.0,58032072.0,438069880.0,350646764.0,77578888.0,2040675060.0,246779492.0,25350656.0,9187056.0,493853376.0,16824832.0,13763044.0,58864936.0,8316864.0,83883848.0,283669492.0,123536800.0,0.0,26696884.0,131575656.0,111370176.0,509421196.0,64937168.0
MO,455836228.0,201649000.0,1084688828.0,85217520.0,31898480.0,1934724.0,147188056.0,38526828.0,41423408.0,186431976.0,107209052.0,463654880.0,250895736.0,10880652.0,23784400.0,154528996.0,0.0,0.0,4509272.0,3508288.0,99505396.0,176482808.0,9901332.0,2505947868.0,3967108.0,204726856.0,28847104.0,3058960.0,77068244.0,305663732.0,113860616.0,1899459716.0,102174420.0,9922720.0,5971724.0,456268100.0,18133648.0,16634876.0,58905460.0,95964936.0,204848112.0,165459976.0,171231224.0,27928.0,24352484.0,209870188.0,38263172.0,133681796.0,76724200.0
MS,232799260.0,3900232.0,0.0,11631536.0,4967768.0,0.0,0.0,26664.0,4111400.0,22195636.0,78224.0,18560044.0,1454084.0,5716380.0,0.0,7874564.0,0.0,633518080.0,1041856.0,81987340.0,2542628.0,16844612.0,14044.0,1132212588.0,0.0,15956348.0,73707512.0,0.0,6014228.0,5868280.0,10240432.0,700793028.0,10508228.0,6597132.0,4640844.0,702022636.0,7919504.0,0.0,4890916.0,129504.0,2983600.0,8740284.0,8132080.0,0.0,3982964.0,13312420.0,0.0,22337640.0,4042700.0
MT,1163840.0,1080840.0,1757328.0,685624.0,29653836.0,0.0,0.0,0.0,117116.0,590720.0,3464464.0,66608.0,30664296.0,3795236.0,0.0,190320.0,0.0,0.0,0.0,0.0,19683056.0,190320.0,575056.0,1652467120.0,27528.0,435992.0,7418496.0,4061412.0,12564176.0,90601616.0,1698640.0,1608277160.0,95802520.0,127200.0,150520.0,14322176.0,54825028.0,0.0,28861712.0,766364.0,19117796.0,190320.0,7457260.0,0.0,492116.0,7799724.0,21424776.0,2150380.0,1460028.0
NC,435677804.0,413317328.0,5057152.0,31797120.0,2006504.0,831752.0,4287424.0,26114556.0,23340692.0,362656992.0,105286208.0,138526212.0,164642176.0,66188696.0,37385776.0,237887572.0,0.0,48534180.0,27973044.0,5981292.0,142431628.0,229836944.0,156192636.0,25050142940.0,24025120.0,270458452.0,118700024.0,78968392.0,169008152.0,433371852.0,84690176.0,24565799104.0,90241960.0,59180512.0,1881524.0,493189800.0,20889932.0,183072.0,5739300.0,124377716.0,35649432.0,211913236.0,324938484.0,1039984772.0,45350096.0,128522512.0,4776500.0,432815976.0,19492940.0
ND,5756764.0,434372.0,817672.0,0.0,104515532.0,0.0,0.0,314000.0,3540648.0,3338412.0,12888212.0,2898824.0,9762068.0,45156.0,0.0,1015720.0,0.0,0.0,0.0,0.0,6815968.0,1210716.0,0.0,1635874724.0,0.0,1414784.0,1942560.0,138004.0,701476768.0,101283128.0,25566108.0,1568520680.0,337489488.0,86916.0,0.0,175743864.0,203700676.0,0.0,25246316.0,1674232.0,42596892.0,1671388.0,1351288.0,0.0,11477104.0,5992576.0,183744772.0,2455760.0,3540648.0
NE,67241312.0,208759108.0,800308.0,3239836.0,11936452.0,0.0,1276984.0,1863648.0,4766428.0,11360360.0,8774548.0,23885484.0,33639460.0,4430452.0,0.0,6615980.0,0.0,0.0,445880.0,2274432.0,30245656.0,10889996.0,69128.0,1031153444.0,0.0,7958068.0,6831940.0,497528928.0,11261180.0,130720228.0,38871620.0,574125404.0,23898360.0,36959464.0,851960.0,77977280.0,8377328.0,0.0,13275056.0,876400.0,5177252.0,8773088.0,9352960.0,0.0,6251528.0,70785612.0,13291656.0,10303840.0,152154076.0
NH,46044996.0,56999624.0,2474276.0,64952976.0,7587344.0,466612.0,1475548.0,816052.0,4270440.0,41013984.0,2162352.0,3907012.0,857724.0,4185516.0,401452.0,24425340.0,0.0,0.0,9375644.0,2120896.0,14984748.0,29674708.0,912580.0,944532428.0,68148.0,30266876.0,33333040.0,1384344.0,850068.0,25725520.0,5828616.0,940249928.0,11574380.0,195224832.0,274780.0,63172420.0,453988.0,218660.0,1788256.0,3138584.0,4714676.0,128316392.0,23769400.0,0.0,19598080.0,3477696.0,18092.0,31494912.0,49546456.0
NJ,7852083824.0,3466420248.0,1632519076.0,1963938036.0,66232796.0,2955742868.0,1558764596.0,3334648092.0,1159504832.0,8014079884.0,455464820.0,5333900052.0,362318848.0,1677832424.0,78868536.0,1812796772.0,113793368.0,142392932.0,289158508.0,1252876548.0,2235859704.0,4287204624.0,519158296.0,7389604756.0,108598364.0,3373617304.0,345374476.0,8650576.0,126764160.0,905126980.0,584933460.0,9242365364.0,439043148.0,1599837572.0,115137588.0,8747945840.0,159503704.0,59496348.0,597415908.0,1796579692.0,1992369688.0,2297479384.0,2381732408.0,2162804.0,2488544920.0,3878309884.0,9015556.0,4221104004.0,1012777992.0
NM,25402036.0,11926636.0,683332.0,1070484.0,8243268.0,0.0,0.0,855672.0,1682820.0,3777524.0,822216.0,30419140.0,8810036.0,571208.0,0.0,1563672.0,0.0,451576.0,3712664.0,4757436.0,217279524.0,2016984.0,0.0,2583705364.0,0.0,1786076.0,2452012.0,133109796.0,344080.0,29574732.0,1377448.0,2443692896.0,2979220.0,546108.0,0.0,24703920.0,0.0,0.0,238004.0,1281372.0,129135360.0,9036116.0,2725292.0,0.0,132265672.0,678796.0,0.0,13840076.0,1682820.0
NV,93083380.0,27985368.0,4913816.0,36686620.0,3735236.0,207704.0,7939412.0,66156936.0,14128256.0,68720148.0,61061964.0,205664588.0,68985116.0,829184.0,0.0,59743964.0,84458140.0,34428.0,14224804.0,3272216.0,51921972.0,64170604.0,385964.0,1511468732.0,8766700.0,69334656.0,3004196.0,12686924.0,963080.0,5555616.0,10048236.0,1419850164.0,13521580.0,17380964.0,13730452.0,174398800.0,1714436.0,110000.0,2949848.0,25250472.0,42877200.0,77358448.0,92216368.0,26600.0,34845808.0,28784756.0,0.0,72118256.0,14555440.0
NY,2423555792.0,1052606612.0,526427816.0,871505060.0,84742276.0,297674956.0,191538832.0,1020991644.0,665173120.0,2165688124.0,91059608.0,5433404120.0,170978552.0,9027745268.0,55405444.0,1215677124.0,325142528.0,102375536.0,135993144.0,1474239588.0,1965658016.0,1910997236.0,89295660.0,28606000564.0,203097280.0,2018668884.0,472949964.0,611751840.0,159421040.0,688481128.0,506845836.0,27756900176.0,383836864.0,743785696.0,406049924.0,4580370888.0,113956524.0,369776784.0,411028344.0,464121080.0,913653144.0,1434771624.0,1537857796.0,49657764.0,875547224.0,1313338108.0,374801684.0,5823641344.0,545454200.0
OH,765354860.0,196466024.0,24133412.0,153037404.0,260484164.0,74984.0,18785160.0,6575752.0,152930600.0,501973948.0,76132376.0,180741812.0,386450192.0,182081476.0,9701744.0,336366564.0,0.0,17139540.0,4154888.0,13403716.0,1072829408.0,331659312.0,473901516.0,8419244232.0,4730944.0,348554836.0,391967908.0,71623220.0,37550296.0,323355204.0,213263400.0,8067913040.0,193070276.0,488131576.0,18056260.0,1005668700.0,11542212.0,291348.0,21459388.0,80169728.0,41035940.0,460317096.0,313999824.0,284760.0,72356800.0,1470174492.0,381461664.0,197205508.0,171267644.0
OK,107330396.0,201865288.0,1067772.0,3037500.0,5129820.0,0.0,0.0,1460160.0,3219472.0,25066380.0,4408572.0,7518744.0,103476200.0,329596.0,1003812.0,4697204.0,186560.0,0.0,1820740.0,1720308.0,84590772.0,7236620.0,21016.0,1932081816.0,0.0,5552504.0,52996564.0,4864708.0,3227144.0,5122956.0,2723980.0,1905606708.0,13378364.0,59480.0,1010968.0,72503820.0,3069888.0,0.0,5918404.0,2245896.0,3462912.0,10472184.0,7884432.0,0.0,60200.0,2071164.0,36260.0,21890068.0,3219472.0
OR,227132992.0,246854460.0,1988796.0,35034984.0,81162668.0,2426384.0,3047960.0,72359996.0,30133520.0,237832656.0,22767664.0,54329288.0,33424260.0,24712072.0,6233624.0,126399644.0,0.0,436876.0,155597828.0,41125612.0,272399872.0,240366848.0,1556864.0,5221414692.0,11172168.0,160588648.0,108891468.0,23550728.0,106594744.0,332925092.0,58262008.0,5098643196.0,257233096.0,8284896.0,5319824.0,729558392.0,19915524.0,367136.0,12100512.0,4890104.0,47429496.0,246936660.0,205424196.0,0.0,241045612.0,310714516.0,10655404.0,141244028.0,27429460.0
PA,3232689472.0,2381500596.0,64647068.0,1905387244.0,62769308.0,1736451548.0,1325676940.0,170798484.0,235012524.0,2515147180.0,124108956.0,141299896.0,502502036.0,612872932.0,71291096.0,1382517392.0,110855000.0,61470084.0,1116356324.0,1951055500.0,1092338124.0,1529180076.0,36862452.0,5755800568.0,371735608.0,1519253892.0,199373808.0,198086548.0,76595984.0,480216760.0,447522384.0,5962919192.0,318074632.0,564225532.0,217544380.0,3125272776.0,27501204.0,276946936.0,93371816.0,415441324.0,278015172.0,1960236324.0,1374903388.0,48717960.0,248972240.0,814285612.0,18847460.0,651893336.0,239906400.0
PR,322898664.0,336170060.0,257676928.0,65107004.0,229296412.0,162000.0,1269240.0,0.0,41956756.0,215862020.0,1680040.0,392105400.0,27268460.0,51717668.0,106961460.0,87659196.0,48275056.0,5961188.0,510472.0,83419648.0,291918940.0,193904700.0,622568.0,1800440128.0,52921584.0,217200052.0,22057780.0,38513032.0,10308248.0,164944368.0,23558128.0,1903171392.0,11816508.0,296387428.0,216222324.0,664979216.0,8396252.0,34527132.0,215198400.0,167799148.0,24218836.0,389566852.0,90027228.0,56218400.0,35218788.0,90895696.0,117151380.0,210737420.0,38269500.0
RI,21698056.0,2168504.0,264848.0,1690660.0,518804.0,0.0,0.0,0.0,3627912.0,16513428.0,360764.0,68486136.0,11836148.0,3814288.0,0.0,12791792.0,11672.0,0.0,121584.0,143380.0,32893056.0,13899756.0,1442896.0,397460464.0,0.0,14056944.0,8463056.0,0.0,57808.0,16821936.0,18380260.0,411339912.0,4215724.0,70469608.0,5724612.0,22722656.0,1012504.0,0.0,188720.0,11682732.0,917556.0,20109572.0,16212000.0,0.0,4788132.0,15844892.0,0.0,46514652.0,3213800.0
SC,147692216.0,139951440.0,37349076.0,32889556.0,3469732.0,0.0,9760.0,1895744924.0,11235556.0,347290324.0,36830176.0,287790096.0,95062964.0,4853400.0,713248.0,332337864.0,1359788.0,12651528.0,1048992.0,2613548.0,46696548.0,368789264.0,26616620.0,2221804460.0,44651784.0,337521284.0,24082908.0,3440948.0,22061048.0,177774848.0,185034708.0,1553018348.0,59671856.0,116561252.0,5221580.0,874295168.0,22848368.0,5334280.0,75355100.0,43536808.0,21778264.0,354982444.0,331775512.0,385820.0,71764648.0,156181668.0,7427888.0,248742656.0,23893192.0
SD,13061956.0,1174673812.0,55064.0,7811272.0,20215740.0,0.0,0.0,0.0,932248.0,1878592.0,3297364.0,2779212.0,13079764.0,1323820.0,0.0,651768.0,0.0,0.0,55040.0,0.0,77804.0,1090008.0,365172.0,310101380.0,0.0,2374568.0,326872.0,4822960.0,29648560.0,11832004.0,9808688.0,101035012.0,31310576.0,42758756.0,7604616.0,1605368.0,12026904.0,0.0,411132.0,1139268.0,8740636.0,663860.0,651768.0,0.0,0.0,57400.0,0.0,2374944.0,2263528.0
TN,316535180.0,31678136.0,11304860.0,172252608.0,5122600.0,0.0,370176.0,629984.0,51560476.0,694757368.0,7335692.0,133451184.0,44112472.0,9326336.0,53402032.0,479883268.0,395520.0,702788.0,1111468.0,595908.0,48296192.0,501031684.0,7723720.0,6494527936.0,18964932.0,501390228.0,49506092.0,543288.0,9884744.0,85665120.0,38573556.0,6068518168.0,52339200.0,1748088.0,897600.0,673033944.0,8660308.0,0.0,40088932.0,16813120.0,16118480.0,516335364.0,489431592.0,34791480.0,18440960.0,427473696.0,8606600.0,140748960.0,72524728.0
TX,3536735544.0,2590062920.0,1777287036.0,517172936.0,55427008.0,1850728.0,18817964.0,1490590356.0,930712244.0,1842195220.0,79177272.0,2727288660.0,359892124.0,1223166464.0,567257656.0,956887052.0,2818510104.0,1174292436.0,3707347012.0,3372413772.0,9413653808.0,2082228840.0,548606516.0,30207933800.0,598830508.0,3601338432.0,192451872.0,254027500.0,215792680.0,1113551600.0,781156736.0,27615070052.0,279581144.0,549559540.0,146253304.0,8517740500.0,135292160.0,36654612.0,277607424.0,481126712.0,497352860.0,1781393060.0,885193368.0,13363892.0,3292279360.0,1396621124.0,20816404.0,1766958728.0,897270936.0
UT,213290728.0,165179876.0,204068.0,176139528.0,8296760.0,584240.0,101968.0,47888.0,16866436.0,255634368.0,32543832.0,108688.0,25694944.0,816061460.0,0.0,221127340.0,0.0,1121428.0,650220.0,6604652.0,195790204.0,326435196.0,1033100.0,5184402808.0,0.0,231183984.0,15819908.0,7655228.0,9455692.0,90052428.0,27286884.0,3850257252.0,42815556.0,55771952.0,23494268.0,351393144.0,3453460.0,19468.0,36813376.0,4205672.0,45468600.0,267225404.0,255505984.0,0.0,12603544.0,129222264.0,23130376.0,916096.0,56872132.0
VA,598289516.0,41475168.0,31877428.0,111106156.0,8623356.0,60508172.0,1060044.0,650719840.0,82709000.0,267537360.0,7090976.0,96678672.0,236978592.0,23278380.0,82928.0,73212736.0,0.0,19753456.0,3274400.0,30187968.0,211003328.0,121702428.0,19808208.0,2271163956.0,317521224.0,1721060348.0,392915276.0,35552520.0,317321284.0,133235344.0,89112448.0,1637699160.0,90228392.0,305706632.0,8532220.0,967254144.0,21754216.0,1797348.0,99984064.0,83913192.0,75182328.0,77350864.0,262729912.0,546333712.0,1091353956.0,674373052.0,68593512.0,680167132.0,67731068.0
VI,2143440.0,0.0,23097680.0,30284.0,0.0,0.0,0.0,0.0,230312.0,2925928.0,0.0,48020700.0,0.0,0.0,0.0,121624.0,0.0,0.0,0.0,0.0,108936.0,1326388.0,0.0,3896788.0,14480.0,4918656.0,0.0,0.0,11680.0,1493824.0,13964.0,3774388.0,0.0,0.0,0.0,1526820.0,0.0,0.0,0.0,0.0,0.0,35863324.0,121624.0,0.0,0.0,1031208.0,0.0,11066344.0,230312.0
VT,49249140.0,76235628.0,7266712.0,933972680.0,191722096.0,0.0,46354608.0,7979560.0,2627276.0,97331796.0,11618588.0,21499924.0,40449180.0,1863604.0,1559520.0,55390540.0,0.0,0.0,4813988.0,323924.0,17801584.0,100569692.0,2216444.0,461758356.0,0.0,57844888.0,13438412.0,162002836.0,22759120.0,230606816.0,15382164.0,452297836.0,27739324.0,4249544.0,10980.0,78861124.0,141468.0,0.0,6852208.0,897764.0,300788.0,247790636.0,51982732.0,0.0,1448612.0,12368808.0,1713860.0,28964148.0,6063612.0
WA,689667732.0,603352576.0,124925988.0,178680600.0,16416400.0,489520.0,6820572.0,1167818468.0,116744940.0,700207492.0,73545276.0,248614608.0,344918620.0,132985108.0,16828.0,481830156.0,94733380.0,169721724.0,501089780.0,816554696.0,592193176.0,696445484.0,98393992.0,12148753880.0,709136.0,1058392104.0,239640544.0,245091288.0,54741372.0,780782512.0,976792768.0,10703816672.0,271438652.0,128188540.0,314239816.0,1920431256.0,52290116.0,4240196.0,51889264.0,29005756.0,64966308.0,617429380.0,571372792.0,220352.0,535085700.0,885580528.0,7017412.0,415588708.0,88252336.0
WI,245379940.0,305782600.0,30280944.0,40437424.0,88247244.0,113508.0,92470672.0,13646108.0,39551736.0,793265932.0,104745472.0,147544716.0,105662456.0,76799920.0,32057628.0,336180024.0,0.0,434444.0,1274908.0,6117636.0,275596064.0,359034972.0,14105432.0,3369851784.0,1017712.0,367447756.0,64030812.0,297897412.0,50149060.0,298754048.0,272192584.0,2727046184.0,83829092.0,177870452.0,31373612.0,854102212.0,17148924.0,0.0,31828796.0,181477892.0,109484176.0,440562228.0,377737364.0,0.0,68174968.0,175796228.0,47309908.0,94105100.0,347014300.0
WV,1057892.0,79400.0,694440.0,205504.0,349352.0,0.0,0.0,0.0,77380.0,240992.0,2327212.0,0.0,186044.0,92176.0,0.0,240992.0,0.0,0.0,0.0,0.0,3135148.0,240992.0,2166560.0,803129672.0,0.0,259784.0,2382712.0,48860.0,0.0,4912584.0,714108.0,770778004.0,988800.0,532684.0,0.0,3181476.0,0.0,0.0,0.0,794368.0,1677752.0,299532.0,1927688.0,0.0,31364.0,1013352.0,0.0,17093776.0,53820.0
WY,51265936.0,0.0,597496.0,499028.0,1785176.0,0.0,0.0,0.0,11341544.0,22134804.0,268912.0,258584.0,878848.0,91640.0,0.0,3904400.0,0.0,0.0,1158544.0,886320.0,9446456.0,8494968.0,0.0,209225808.0,0.0,9016464.0,2885948.0,0.0,2171232.0,3504636.0,59701796.0,194110248.0,7470968.0,0.0,0.0,6075704.0,65628.0,260000.0,21684.0,354016.0,1892444.0,4051400.0,4169416.0,0.0,468300.0,1986968.0,0.0,420308.0,9354572.0
XX,176236.0,0.0,109652.0,9988.0,0.0,0.0,8352.0,8736.0,8756.0,52748.0,0.0,0.0,1284112.0,8836.0,0.0,44116.0,0.0,25920.0,162456.0,162456.0,143480.0,35140.0,8620.0,4652016.0,0.0,35140.0,856420.0,0.0,65344.0,1340204.0,29308.0,2055196.0,81472.0,0.0,34740.0,78680.0,0.0,0.0,0.0,8420.0,318684.0,35140.0,43460.0,9120.0,0.0,0.0,0.0,9708.0,8756.0
